line_id,departure_time,fitness_score,status
101,2025-06-02 05:28:00,0.8121139032132771,optimized
101,2025-06-02 06:23:00,0.8121139032132771,optimized
101,2025-06-02 07:02:00,0.8121139032132771,optimized
101,2025-06-02 07:39:00,0.8121139032132771,optimized
101,2025-06-02 08:00:00,0.8121139032132771,optimized
101,2025-06-02 08:30:00,0.8121139032132771,optimized
101,2025-06-02 09:00:00,0.8121139032132771,optimized
101,2025-06-02 09:30:00,0.8121139032132771,optimized
101,2025-06-02 12:13:00,0.8121139032132771,optimized
101,2025-06-02 12:38:00,0.8121139032132771,optimized
101,2025-06-02 12:54:00,0.8121139032132771,optimized
101,2025-06-02 13:47:00,0.8121139032132771,optimized
101,2025-06-02 14:10:00,0.8121139032132771,optimized
101,2025-06-02 14:34:00,0.8121139032132771,optimized
101,2025-06-02 14:59:00,0.8121139032132771,optimized
101,2025-06-02 15:18:00,0.8121139032132771,optimized
101,2025-06-02 15:33:00,0.8121139032132771,optimized
101,2025-06-02 15:48:00,0.8121139032132771,optimized
101,2025-06-02 16:38:00,0.8121139032132771,optimized
101,2025-06-02 16:43:00,0.8121139032132771,optimized
101,2025-06-02 16:51:00,0.8121139032132771,optimized
101,2025-06-02 17:04:00,0.8121139032132771,optimized
101,2025-06-02 17:20:00,0.8121139032132771,optimized
101,2025-06-02 17:25:00,0.8121139032132771,optimized
101,2025-06-02 18:16:00,0.8121139032132771,optimized
101,2025-06-02 18:52:00,0.8121139032132771,optimized
101,2025-06-02 18:58:00,0.8121139032132771,optimized
101,2025-06-02 19:10:00,0.8121139032132771,optimized
101,2025-06-02 19:48:00,0.8121139032132771,optimized
101,2025-06-02 20:16:00,0.8121139032132771,optimized
101,2025-06-02 20:43:00,0.8121139032132771,optimized
101,2025-06-02 20:50:00,0.8121139032132771,optimized
101,2025-06-02 21:24:00,0.8121139032132771,optimized
101,2025-06-02 21:38:00,0.8121139032132771,optimized
101,2025-06-02 21:52:00,0.8121139032132771,optimized
101,2025-06-02 22:47:00,0.8121139032132771,optimized
101-1,2025-06-02 05:40:00,0.8126430487707956,optimized
101-1,2025-06-02 05:59:00,0.8126430487707956,optimized
101-1,2025-06-02 07:23:00,0.8126430487707956,optimized
101-1,2025-06-02 07:53:00,0.8126430487707956,optimized
101-1,2025-06-02 08:00:00,0.8126430487707956,optimized
101-1,2025-06-02 08:30:00,0.8126430487707956,optimized
101-1,2025-06-02 09:00:00,0.8126430487707956,optimized
101-1,2025-06-02 09:30:00,0.8126430487707956,optimized
101-1,2025-06-02 11:06:00,0.8126430487707956,optimized
101-1,2025-06-02 11:43:00,0.8126430487707956,optimized
101-1,2025-06-02 11:50:00,0.8126430487707956,optimized
101-1,2025-06-02 14:09:00,0.8126430487707956,optimized
101-1,2025-06-02 14:35:00,0.8126430487707956,optimized
101-1,2025-06-02 14:58:00,0.8126430487707956,optimized
101-1,2025-06-02 15:23:00,0.8126430487707956,optimized
101-1,2025-06-02 15:48:00,0.8126430487707956,optimized
101-1,2025-06-02 16:12:00,0.8126430487707956,optimized
101-1,2025-06-02 16:38:00,0.8126430487707956,optimized
101-1,2025-06-02 17:00:00,0.8126430487707956,optimized
101-1,2025-06-02 17:22:00,0.8126430487707956,optimized
101-1,2025-06-02 17:45:00,0.8126430487707956,optimized
101-1,2025-06-02 18:11:00,0.8126430487707956,optimized
101-1,2025-06-02 18:34:00,0.8126430487707956,optimized
101-1,2025-06-02 19:00:00,0.8126430487707956,optimized
101-1,2025-06-02 19:26:00,0.8126430487707956,optimized
101-1,2025-06-02 19:49:00,0.8126430487707956,optimized
101-1,2025-06-02 20:22:00,0.8126430487707956,optimized
101-1,2025-06-02 21:09:00,0.8126430487707956,optimized
101-1,2025-06-02 21:18:00,0.8126430487707956,optimized
101-1,2025-06-02 22:18:00,0.8126430487707956,optimized
101-1,2025-06-02 23:25:00,0.8126430487707956,optimized
102-1,2025-06-02 05:00:00,0.8136661767746579,optimized
102-1,2025-06-02 05:14:00,0.8136661767746579,optimized
102-1,2025-06-02 05:29:00,0.8136661767746579,optimized
102-1,2025-06-02 05:44:00,0.8136661767746579,optimized
102-1,2025-06-02 05:57:00,0.8136661767746579,optimized
102-1,2025-06-02 06:09:00,0.8136661767746579,optimized
102-1,2025-06-02 06:29:00,0.8136661767746579,optimized
102-1,2025-06-02 06:41:00,0.8136661767746579,optimized
102-1,2025-06-02 07:09:00,0.8136661767746579,optimized
102-1,2025-06-02 07:26:00,0.8136661767746579,optimized
102-1,2025-06-02 07:42:00,0.8136661767746579,optimized
102-1,2025-06-02 07:57:00,0.8136661767746579,optimized
102-1,2025-06-02 08:00:00,0.8136661767746579,optimized
102-1,2025-06-02 08:30:00,0.8136661767746579,optimized
102-1,2025-06-02 09:11:00,0.8136661767746579,optimized
102-1,2025-06-02 09:24:00,0.8136661767746579,optimized
102-1,2025-06-02 09:40:00,0.8136661767746579,optimized
102-1,2025-06-02 09:56:00,0.8136661767746579,optimized
102-1,2025-06-02 10:11:00,0.8136661767746579,optimized
102-1,2025-06-02 10:27:00,0.8136661767746579,optimized
102-1,2025-06-02 10:44:00,0.8136661767746579,optimized
102-1,2025-06-02 11:01:00,0.8136661767746579,optimized
102-1,2025-06-02 11:15:00,0.8136661767746579,optimized
102-1,2025-06-02 11:31:00,0.8136661767746579,optimized
102-1,2025-06-02 11:46:00,0.8136661767746579,optimized
102-1,2025-06-02 12:03:00,0.8136661767746579,optimized
102-1,2025-06-02 12:18:00,0.8136661767746579,optimized
102-1,2025-06-02 12:31:00,0.8136661767746579,optimized
102-1,2025-06-02 12:48:00,0.8136661767746579,optimized
102-1,2025-06-02 13:02:00,0.8136661767746579,optimized
102-1,2025-06-02 13:18:00,0.8136661767746579,optimized
102-1,2025-06-02 13:28:00,0.8136661767746579,optimized
102-1,2025-06-02 13:49:00,0.8136661767746579,optimized
102-1,2025-06-02 14:05:00,0.8136661767746579,optimized
102-1,2025-06-02 14:15:00,0.8136661767746579,optimized
102-1,2025-06-02 15:33:00,0.8136661767746579,optimized
102-1,2025-06-02 16:00:00,0.8136661767746579,optimized
102-1,2025-06-02 16:30:00,0.8136661767746579,optimized
102-1,2025-06-02 17:44:00,0.8136661767746579,optimized
102-1,2025-06-02 17:50:00,0.8136661767746579,optimized
102-1,2025-06-02 18:18:00,0.8136661767746579,optimized
102-1,2025-06-02 18:25:00,0.8136661767746579,optimized
102-1,2025-06-02 18:57:00,0.8136661767746579,optimized
102-1,2025-06-02 19:04:00,0.8136661767746579,optimized
102-1,2025-06-02 19:21:00,0.8136661767746579,optimized
102-1,2025-06-02 19:36:00,0.8136661767746579,optimized
102-1,2025-06-02 19:52:00,0.8136661767746579,optimized
102-1,2025-06-02 20:05:00,0.8136661767746579,optimized
102-1,2025-06-02 20:14:00,0.8136661767746579,optimized
102-1,2025-06-02 20:22:00,0.8136661767746579,optimized
102-1,2025-06-02 20:39:00,0.8136661767746579,optimized
102-1,2025-06-02 20:52:00,0.8136661767746579,optimized
102-1,2025-06-02 21:08:00,0.8136661767746579,optimized
102-1,2025-06-02 21:25:00,0.8136661767746579,optimized
102-1,2025-06-02 21:42:00,0.8136661767746579,optimized
102-1,2025-06-02 21:59:00,0.8136661767746579,optimized
102-1,2025-06-02 22:12:00,0.8136661767746579,optimized
102-1,2025-06-02 22:29:00,0.8136661767746579,optimized
102-1,2025-06-02 22:46:00,0.8136661767746579,optimized
102-1,2025-06-02 23:00:00,0.8136661767746579,optimized
102-1,2025-06-02 23:14:00,0.8136661767746579,optimized
102-1,2025-06-02 23:30:00,0.8136661767746579,optimized
102-1,2025-06-02 23:43:00,0.8136661767746579,optimized
102-1,2025-06-02 23:56:00,0.8136661767746579,optimized
102-2,2025-06-02 05:00:00,0.8169200913514905,optimized
102-2,2025-06-02 05:18:00,0.8169200913514905,optimized
102-2,2025-06-02 05:35:00,0.8169200913514905,optimized
102-2,2025-06-02 05:55:00,0.8169200913514905,optimized
102-2,2025-06-02 06:12:00,0.8169200913514905,optimized
102-2,2025-06-02 06:28:00,0.8169200913514905,optimized
102-2,2025-06-02 06:46:00,0.8169200913514905,optimized
102-2,2025-06-02 07:06:00,0.8169200913514905,optimized
102-2,2025-06-02 07:22:00,0.8169200913514905,optimized
102-2,2025-06-02 07:42:00,0.8169200913514905,optimized
102-2,2025-06-02 08:44:00,0.8169200913514905,optimized
102-2,2025-06-02 08:51:00,0.8169200913514905,optimized
102-2,2025-06-02 08:59:00,0.8169200913514905,optimized
102-2,2025-06-02 09:11:00,0.8169200913514905,optimized
102-2,2025-06-02 09:22:00,0.8169200913514905,optimized
102-2,2025-06-02 09:33:00,0.8169200913514905,optimized
102-2,2025-06-02 09:44:00,0.8169200913514905,optimized
102-2,2025-06-02 09:55:00,0.8169200913514905,optimized
102-2,2025-06-02 10:00:00,0.8169200913514905,optimized
102-2,2025-06-02 10:16:00,0.8169200913514905,optimized
102-2,2025-06-02 10:22:00,0.8169200913514905,optimized
102-2,2025-06-02 10:44:00,0.8169200913514905,optimized
102-2,2025-06-02 11:00:00,0.8169200913514905,optimized
102-2,2025-06-02 11:24:00,0.8169200913514905,optimized
102-2,2025-06-02 11:48:00,0.8169200913514905,optimized
102-2,2025-06-02 12:00:00,0.8169200913514905,optimized
102-2,2025-06-02 12:26:00,0.8169200913514905,optimized
102-2,2025-06-02 12:52:00,0.8169200913514905,optimized
102-2,2025-06-02 13:21:00,0.8169200913514905,optimized
102-2,2025-06-02 13:42:00,0.8169200913514905,optimized
102-2,2025-06-02 14:00:00,0.8169200913514905,optimized
102-2,2025-06-02 14:25:00,0.8169200913514905,optimized
102-2,2025-06-02 14:50:00,0.8169200913514905,optimized
102-2,2025-06-02 15:00:00,0.8169200913514905,optimized
102-2,2025-06-02 15:30:00,0.8169200913514905,optimized
102-2,2025-06-02 16:06:00,0.8169200913514905,optimized
102-2,2025-06-02 16:24:00,0.8169200913514905,optimized
102-2,2025-06-02 16:43:00,0.8169200913514905,optimized
102-2,2025-06-02 17:02:00,0.8169200913514905,optimized
102-2,2025-06-02 17:23:00,0.8169200913514905,optimized
102-2,2025-06-02 17:44:00,0.8169200913514905,optimized
102-2,2025-06-02 18:01:00,0.8169200913514905,optimized
102-2,2025-06-02 18:18:00,0.8169200913514905,optimized
102-2,2025-06-02 18:38:00,0.8169200913514905,optimized
102-2,2025-06-02 18:56:00,0.8169200913514905,optimized
102-2,2025-06-02 19:14:00,0.8169200913514905,optimized
102-2,2025-06-02 19:34:00,0.8169200913514905,optimized
102-2,2025-06-02 19:54:00,0.8169200913514905,optimized
102-2,2025-06-02 20:11:00,0.8169200913514905,optimized
102-2,2025-06-02 20:32:00,0.8169200913514905,optimized
102-2,2025-06-02 20:53:00,0.8169200913514905,optimized
102-2,2025-06-02 21:10:00,0.8169200913514905,optimized
102-2,2025-06-02 21:28:00,0.8169200913514905,optimized
102-2,2025-06-02 21:48:00,0.8169200913514905,optimized
102-2,2025-06-02 22:08:00,0.8169200913514905,optimized
102-2,2025-06-02 22:28:00,0.8169200913514905,optimized
102-2,2025-06-02 22:41:00,0.8169200913514905,optimized
102-2,2025-06-02 23:03:00,0.8169200913514905,optimized
102-2,2025-06-02 23:20:00,0.8169200913514905,optimized
102-2,2025-06-02 23:37:00,0.8169200913514905,optimized
102-2,2025-06-02 23:55:00,0.8169200913514905,optimized
103-1,2025-06-02 05:00:00,0.7952699759188713,optimized
103-1,2025-06-02 05:21:00,0.7952699759188713,optimized
103-1,2025-06-02 05:26:00,0.7952699759188713,optimized
103-1,2025-06-02 05:53:00,0.7952699759188713,optimized
103-1,2025-06-02 06:18:00,0.7952699759188713,optimized
103-1,2025-06-02 06:44:00,0.7952699759188713,optimized
103-1,2025-06-02 07:18:00,0.7952699759188713,optimized
103-1,2025-06-02 07:47:00,0.7952699759188713,optimized
103-1,2025-06-02 08:14:00,0.7952699759188713,optimized
103-1,2025-06-02 08:41:00,0.7952699759188713,optimized
103-1,2025-06-02 09:08:00,0.7952699759188713,optimized
103-1,2025-06-02 09:38:00,0.7952699759188713,optimized
103-1,2025-06-02 10:06:00,0.7952699759188713,optimized
103-1,2025-06-02 10:34:00,0.7952699759188713,optimized
103-1,2025-06-02 11:03:00,0.7952699759188713,optimized
103-1,2025-06-02 11:33:00,0.7952699759188713,optimized
103-1,2025-06-02 12:00:00,0.7952699759188713,optimized
103-1,2025-06-02 12:26:00,0.7952699759188713,optimized
103-1,2025-06-02 12:54:00,0.7952699759188713,optimized
103-1,2025-06-02 13:24:00,0.7952699759188713,optimized
103-1,2025-06-02 13:51:00,0.7952699759188713,optimized
103-1,2025-06-02 14:05:00,0.7952699759188713,optimized
103-1,2025-06-02 15:11:00,0.7952699759188713,optimized
103-1,2025-06-02 15:38:00,0.7952699759188713,optimized
103-1,2025-06-02 16:02:00,0.7952699759188713,optimized
103-1,2025-06-02 16:25:00,0.7952699759188713,optimized
103-1,2025-06-02 16:51:00,0.7952699759188713,optimized
103-1,2025-06-02 17:18:00,0.7952699759188713,optimized
103-1,2025-06-02 17:43:00,0.7952699759188713,optimized
103-1,2025-06-02 18:14:00,0.7952699759188713,optimized
103-1,2025-06-02 18:36:00,0.7952699759188713,optimized
103-1,2025-06-02 19:00:00,0.7952699759188713,optimized
103-1,2025-06-02 19:27:00,0.7952699759188713,optimized
103-1,2025-06-02 19:51:00,0.7952699759188713,optimized
103-1,2025-06-02 20:18:00,0.7952699759188713,optimized
103-1,2025-06-02 20:44:00,0.7952699759188713,optimized
103-1,2025-06-02 21:02:00,0.7952699759188713,optimized
103-1,2025-06-02 22:10:00,0.7952699759188713,optimized
103-1,2025-06-02 22:23:00,0.7952699759188713,optimized
103-1,2025-06-02 22:39:00,0.7952699759188713,optimized
103-1,2025-06-02 22:52:00,0.7952699759188713,optimized
103-1,2025-06-02 23:09:00,0.7952699759188713,optimized
103-1,2025-06-02 23:25:00,0.7952699759188713,optimized
103-1,2025-06-02 23:41:00,0.7952699759188713,optimized
103-1,2025-06-02 23:54:00,0.7952699759188713,optimized
103-2,2025-06-02 05:00:00,0.7769030479520271,optimized
103-2,2025-06-02 05:14:00,0.7769030479520271,optimized
103-2,2025-06-02 05:32:00,0.7769030479520271,optimized
103-2,2025-06-02 05:49:00,0.7769030479520271,optimized
103-2,2025-06-02 06:05:00,0.7769030479520271,optimized
103-2,2025-06-02 06:23:00,0.7769030479520271,optimized
103-2,2025-06-02 06:37:00,0.7769030479520271,optimized
103-2,2025-06-02 06:55:00,0.7769030479520271,optimized
103-2,2025-06-02 07:17:00,0.7769030479520271,optimized
103-2,2025-06-02 07:24:00,0.7769030479520271,optimized
103-2,2025-06-02 07:41:00,0.7769030479520271,optimized
103-2,2025-06-02 07:55:00,0.7769030479520271,optimized
103-2,2025-06-02 08:13:00,0.7769030479520271,optimized
103-2,2025-06-02 08:28:00,0.7769030479520271,optimized
103-2,2025-06-02 08:44:00,0.7769030479520271,optimized
103-2,2025-06-02 09:02:00,0.7769030479520271,optimized
103-2,2025-06-02 09:16:00,0.7769030479520271,optimized
103-2,2025-06-02 09:32:00,0.7769030479520271,optimized
103-2,2025-06-02 09:46:00,0.7769030479520271,optimized
103-2,2025-06-02 10:02:00,0.7769030479520271,optimized
103-2,2025-06-02 10:16:00,0.7769030479520271,optimized
103-2,2025-06-02 10:34:00,0.7769030479520271,optimized
103-2,2025-06-02 10:59:00,0.7769030479520271,optimized
103-2,2025-06-02 11:08:00,0.7769030479520271,optimized
103-2,2025-06-02 11:24:00,0.7769030479520271,optimized
103-2,2025-06-02 11:38:00,0.7769030479520271,optimized
103-2,2025-06-02 11:52:00,0.7769030479520271,optimized
103-2,2025-06-02 12:08:00,0.7769030479520271,optimized
103-2,2025-06-02 12:26:00,0.7769030479520271,optimized
103-2,2025-06-02 12:44:00,0.7769030479520271,optimized
103-2,2025-06-02 13:06:00,0.7769030479520271,optimized
103-2,2025-06-02 13:28:00,0.7769030479520271,optimized
103-2,2025-06-02 13:48:00,0.7769030479520271,optimized
103-2,2025-06-02 14:09:00,0.7769030479520271,optimized
103-2,2025-06-02 14:31:00,0.7769030479520271,optimized
103-2,2025-06-02 14:52:00,0.7769030479520271,optimized
103-2,2025-06-02 15:14:00,0.7769030479520271,optimized
103-2,2025-06-02 15:34:00,0.7769030479520271,optimized
103-2,2025-06-02 15:54:00,0.7769030479520271,optimized
103-2,2025-06-02 16:03:00,0.7769030479520271,optimized
103-2,2025-06-02 16:19:00,0.7769030479520271,optimized
103-2,2025-06-02 16:36:00,0.7769030479520271,optimized
103-2,2025-06-02 16:54:00,0.7769030479520271,optimized
103-2,2025-06-02 17:11:00,0.7769030479520271,optimized
103-2,2025-06-02 17:28:00,0.7769030479520271,optimized
103-2,2025-06-02 17:44:00,0.7769030479520271,optimized
103-2,2025-06-02 18:36:00,0.7769030479520271,optimized
103-2,2025-06-02 18:42:00,0.7769030479520271,optimized
103-2,2025-06-02 18:54:00,0.7769030479520271,optimized
103-2,2025-06-02 19:01:00,0.7769030479520271,optimized
103-2,2025-06-02 19:17:00,0.7769030479520271,optimized
103-2,2025-06-02 19:31:00,0.7769030479520271,optimized
103-2,2025-06-02 19:45:00,0.7769030479520271,optimized
103-2,2025-06-02 19:59:00,0.7769030479520271,optimized
103-2,2025-06-02 20:15:00,0.7769030479520271,optimized
103-2,2025-06-02 20:30:00,0.7769030479520271,optimized
103-2,2025-06-02 20:45:00,0.7769030479520271,optimized
103-2,2025-06-02 21:03:00,0.7769030479520271,optimized
103-2,2025-06-02 21:17:00,0.7769030479520271,optimized
103-2,2025-06-02 21:33:00,0.7769030479520271,optimized
103-2,2025-06-02 21:47:00,0.7769030479520271,optimized
103-2,2025-06-02 22:18:00,0.7769030479520271,optimized
103-2,2025-06-02 22:33:00,0.7769030479520271,optimized
103-2,2025-06-02 22:48:00,0.7769030479520271,optimized
103-2,2025-06-02 23:40:00,0.7769030479520271,optimized
103-2,2025-06-02 23:54:00,0.7769030479520271,optimized
104-1,2025-06-02 05:00:00,0.782156124401152,optimized
104-1,2025-06-02 05:22:00,0.782156124401152,optimized
104-1,2025-06-02 06:00:00,0.782156124401152,optimized
104-1,2025-06-02 06:31:00,0.782156124401152,optimized
104-1,2025-06-02 07:03:00,0.782156124401152,optimized
104-1,2025-06-02 07:32:00,0.782156124401152,optimized
104-1,2025-06-02 08:05:00,0.782156124401152,optimized
104-1,2025-06-02 08:32:00,0.782156124401152,optimized
104-1,2025-06-02 09:32:00,0.782156124401152,optimized
104-1,2025-06-02 09:45:00,0.782156124401152,optimized
104-1,2025-06-02 10:04:00,0.782156124401152,optimized
104-1,2025-06-02 10:27:00,0.782156124401152,optimized
104-1,2025-06-02 10:50:00,0.782156124401152,optimized
104-1,2025-06-02 11:31:00,0.782156124401152,optimized
104-1,2025-06-02 11:42:00,0.782156124401152,optimized
104-1,2025-06-02 11:52:00,0.782156124401152,optimized
104-1,2025-06-02 12:02:00,0.782156124401152,optimized
104-1,2025-06-02 12:27:00,0.782156124401152,optimized
104-1,2025-06-02 12:32:00,0.782156124401152,optimized
104-1,2025-06-02 13:06:00,0.782156124401152,optimized
104-1,2025-06-02 13:31:00,0.782156124401152,optimized
104-1,2025-06-02 13:36:00,0.782156124401152,optimized
104-1,2025-06-02 15:17:00,0.782156124401152,optimized
104-1,2025-06-02 16:16:00,0.782156124401152,optimized
104-1,2025-06-02 16:26:00,0.782156124401152,optimized
104-1,2025-06-02 17:10:00,0.782156124401152,optimized
104-1,2025-06-02 17:59:00,0.782156124401152,optimized
104-1,2025-06-02 18:30:00,0.782156124401152,optimized
104-1,2025-06-02 18:41:00,0.782156124401152,optimized
104-1,2025-06-02 19:36:00,0.782156124401152,optimized
104-1,2025-06-02 19:59:00,0.782156124401152,optimized
104-1,2025-06-02 20:24:00,0.782156124401152,optimized
104-1,2025-06-02 20:40:00,0.782156124401152,optimized
104-1,2025-06-02 20:46:00,0.782156124401152,optimized
104-1,2025-06-02 21:17:00,0.782156124401152,optimized
104-1,2025-06-02 22:20:00,0.782156124401152,optimized
104-1,2025-06-02 22:51:00,0.782156124401152,optimized
104-1,2025-06-02 23:08:00,0.782156124401152,optimized
104-1,2025-06-02 23:21:00,0.782156124401152,optimized
104-1,2025-06-02 23:35:00,0.782156124401152,optimized
104-1,2025-06-02 23:52:00,0.782156124401152,optimized
104-2,2025-06-02 05:00:00,0.7860582415880137,optimized
104-2,2025-06-02 05:21:00,0.7860582415880137,optimized
104-2,2025-06-02 05:32:00,0.7860582415880137,optimized
104-2,2025-06-02 06:01:00,0.7860582415880137,optimized
104-2,2025-06-02 06:33:00,0.7860582415880137,optimized
104-2,2025-06-02 07:01:00,0.7860582415880137,optimized
104-2,2025-06-02 07:31:00,0.7860582415880137,optimized
104-2,2025-06-02 08:02:00,0.7860582415880137,optimized
104-2,2025-06-02 08:34:00,0.7860582415880137,optimized
104-2,2025-06-02 09:06:00,0.7860582415880137,optimized
104-2,2025-06-02 09:38:00,0.7860582415880137,optimized
104-2,2025-06-02 10:06:00,0.7860582415880137,optimized
104-2,2025-06-02 10:34:00,0.7860582415880137,optimized
104-2,2025-06-02 11:05:00,0.7860582415880137,optimized
104-2,2025-06-02 11:34:00,0.7860582415880137,optimized
104-2,2025-06-02 12:02:00,0.7860582415880137,optimized
104-2,2025-06-02 12:31:00,0.7860582415880137,optimized
104-2,2025-06-02 13:02:00,0.7860582415880137,optimized
104-2,2025-06-02 13:30:00,0.7860582415880137,optimized
104-2,2025-06-02 13:59:00,0.7860582415880137,optimized
104-2,2025-06-02 14:30:00,0.7860582415880137,optimized
104-2,2025-06-02 14:58:00,0.7860582415880137,optimized
104-2,2025-06-02 15:29:00,0.7860582415880137,optimized
104-2,2025-06-02 16:07:00,0.7860582415880137,optimized
104-2,2025-06-02 16:17:00,0.7860582415880137,optimized
104-2,2025-06-02 16:43:00,0.7860582415880137,optimized
104-2,2025-06-02 17:21:00,0.7860582415880137,optimized
104-2,2025-06-02 17:34:00,0.7860582415880137,optimized
104-2,2025-06-02 18:30:00,0.7860582415880137,optimized
104-2,2025-06-02 18:58:00,0.7860582415880137,optimized
104-2,2025-06-02 19:04:00,0.7860582415880137,optimized
104-2,2025-06-02 19:24:00,0.7860582415880137,optimized
104-2,2025-06-02 19:47:00,0.7860582415880137,optimized
104-2,2025-06-02 20:08:00,0.7860582415880137,optimized
104-2,2025-06-02 20:29:00,0.7860582415880137,optimized
104-2,2025-06-02 20:50:00,0.7860582415880137,optimized
104-2,2025-06-02 21:09:00,0.7860582415880137,optimized
104-2,2025-06-02 21:31:00,0.7860582415880137,optimized
104-2,2025-06-02 21:52:00,0.7860582415880137,optimized
104-2,2025-06-02 22:15:00,0.7860582415880137,optimized
104-2,2025-06-02 22:31:00,0.7860582415880137,optimized
104-2,2025-06-02 22:58:00,0.7860582415880137,optimized
104-2,2025-06-02 23:15:00,0.7860582415880137,optimized
105-1,2025-06-02 05:00:00,0.7604113594079147,optimized
105-1,2025-06-02 05:18:00,0.7604113594079147,optimized
105-1,2025-06-02 05:35:00,0.7604113594079147,optimized
105-1,2025-06-02 05:49:00,0.7604113594079147,optimized
105-1,2025-06-02 06:07:00,0.7604113594079147,optimized
105-1,2025-06-02 06:25:00,0.7604113594079147,optimized
105-1,2025-06-02 06:42:00,0.7604113594079147,optimized
105-1,2025-06-02 06:58:00,0.7604113594079147,optimized
105-1,2025-06-02 07:12:00,0.7604113594079147,optimized
105-1,2025-06-02 07:26:00,0.7604113594079147,optimized
105-1,2025-06-02 07:43:00,0.7604113594079147,optimized
105-1,2025-06-02 07:59:00,0.7604113594079147,optimized
105-1,2025-06-02 08:16:00,0.7604113594079147,optimized
105-1,2025-06-02 08:31:00,0.7604113594079147,optimized
105-1,2025-06-02 09:03:00,0.7604113594079147,optimized
105-1,2025-06-02 09:17:00,0.7604113594079147,optimized
105-1,2025-06-02 09:34:00,0.7604113594079147,optimized
105-1,2025-06-02 09:48:00,0.7604113594079147,optimized
105-1,2025-06-02 10:12:00,0.7604113594079147,optimized
105-1,2025-06-02 10:27:00,0.7604113594079147,optimized
105-1,2025-06-02 10:41:00,0.7604113594079147,optimized
105-1,2025-06-02 10:58:00,0.7604113594079147,optimized
105-1,2025-06-02 11:13:00,0.7604113594079147,optimized
105-1,2025-06-02 11:27:00,0.7604113594079147,optimized
105-1,2025-06-02 11:40:00,0.7604113594079147,optimized
105-1,2025-06-02 11:53:00,0.7604113594079147,optimized
105-1,2025-06-02 12:08:00,0.7604113594079147,optimized
105-1,2025-06-02 12:23:00,0.7604113594079147,optimized
105-1,2025-06-02 12:38:00,0.7604113594079147,optimized
105-1,2025-06-02 12:54:00,0.7604113594079147,optimized
105-1,2025-06-02 13:22:00,0.7604113594079147,optimized
105-1,2025-06-02 14:07:00,0.7604113594079147,optimized
105-1,2025-06-02 14:26:00,0.7604113594079147,optimized
105-1,2025-06-02 15:12:00,0.7604113594079147,optimized
105-1,2025-06-02 15:25:00,0.7604113594079147,optimized
105-1,2025-06-02 15:38:00,0.7604113594079147,optimized
105-1,2025-06-02 15:54:00,0.7604113594079147,optimized
105-1,2025-06-02 16:18:00,0.7604113594079147,optimized
105-1,2025-06-02 16:27:00,0.7604113594079147,optimized
105-1,2025-06-02 16:43:00,0.7604113594079147,optimized
105-1,2025-06-02 16:57:00,0.7604113594079147,optimized
105-1,2025-06-02 17:30:00,0.7604113594079147,optimized
105-1,2025-06-02 17:51:00,0.7604113594079147,optimized
105-1,2025-06-02 18:10:00,0.7604113594079147,optimized
105-1,2025-06-02 18:48:00,0.7604113594079147,optimized
105-1,2025-06-02 19:12:00,0.7604113594079147,optimized
105-1,2025-06-02 19:25:00,0.7604113594079147,optimized
105-1,2025-06-02 19:37:00,0.7604113594079147,optimized
105-1,2025-06-02 20:03:00,0.7604113594079147,optimized
105-1,2025-06-02 21:07:00,0.7604113594079147,optimized
105-1,2025-06-02 21:31:00,0.7604113594079147,optimized
105-1,2025-06-02 21:54:00,0.7604113594079147,optimized
105-1,2025-06-02 22:07:00,0.7604113594079147,optimized
105-1,2025-06-02 22:31:00,0.7604113594079147,optimized
105-1,2025-06-02 22:41:00,0.7604113594079147,optimized
105-1,2025-06-02 23:36:00,0.7604113594079147,optimized
105-2,2025-06-02 05:00:00,0.6943000592260712,optimized
105-2,2025-06-02 05:20:00,0.6943000592260712,optimized
105-2,2025-06-02 05:40:00,0.6943000592260712,optimized
105-2,2025-06-02 05:58:00,0.6943000592260712,optimized
105-2,2025-06-02 06:17:00,0.6943000592260712,optimized
105-2,2025-06-02 06:35:00,0.6943000592260712,optimized
105-2,2025-06-02 06:56:00,0.6943000592260712,optimized
105-2,2025-06-02 07:15:00,0.6943000592260712,optimized
105-2,2025-06-02 07:35:00,0.6943000592260712,optimized
105-2,2025-06-02 07:53:00,0.6943000592260712,optimized
105-2,2025-06-02 08:12:00,0.6943000592260712,optimized
105-2,2025-06-02 08:32:00,0.6943000592260712,optimized
105-2,2025-06-02 08:49:00,0.6943000592260712,optimized
105-2,2025-06-02 09:00:00,0.6943000592260712,optimized
105-2,2025-06-02 09:08:00,0.6943000592260712,optimized
105-2,2025-06-02 09:16:00,0.6943000592260712,optimized
105-2,2025-06-02 09:24:00,0.6943000592260712,optimized
105-2,2025-06-02 09:32:00,0.6943000592260712,optimized
105-2,2025-06-02 09:40:00,0.6943000592260712,optimized
105-2,2025-06-02 09:48:00,0.6943000592260712,optimized
105-2,2025-06-02 09:56:00,0.6943000592260712,optimized
105-2,2025-06-02 10:15:00,0.6943000592260712,optimized
105-2,2025-06-02 10:34:00,0.6943000592260712,optimized
105-2,2025-06-02 10:53:00,0.6943000592260712,optimized
105-2,2025-06-02 11:00:00,0.6943000592260712,optimized
105-2,2025-06-02 11:22:00,0.6943000592260712,optimized
105-2,2025-06-02 11:44:00,0.6943000592260712,optimized
105-2,2025-06-02 12:00:00,0.6943000592260712,optimized
105-2,2025-06-02 12:28:00,0.6943000592260712,optimized
105-2,2025-06-02 12:56:00,0.6943000592260712,optimized
105-2,2025-06-02 13:29:00,0.6943000592260712,optimized
105-2,2025-06-02 13:58:00,0.6943000592260712,optimized
105-2,2025-06-02 14:20:00,0.6943000592260712,optimized
105-2,2025-06-02 14:40:00,0.6943000592260712,optimized
105-2,2025-06-02 15:00:00,0.6943000592260712,optimized
105-2,2025-06-02 15:30:00,0.6943000592260712,optimized
105-2,2025-06-02 16:13:00,0.6943000592260712,optimized
105-2,2025-06-02 16:34:00,0.6943000592260712,optimized
105-2,2025-06-02 16:55:00,0.6943000592260712,optimized
105-2,2025-06-02 17:00:00,0.6943000592260712,optimized
105-2,2025-06-02 17:08:00,0.6943000592260712,optimized
105-2,2025-06-02 17:16:00,0.6943000592260712,optimized
105-2,2025-06-02 17:24:00,0.6943000592260712,optimized
105-2,2025-06-02 17:32:00,0.6943000592260712,optimized
105-2,2025-06-02 17:40:00,0.6943000592260712,optimized
105-2,2025-06-02 17:48:00,0.6943000592260712,optimized
105-2,2025-06-02 17:56:00,0.6943000592260712,optimized
105-2,2025-06-02 18:12:00,0.6943000592260712,optimized
105-2,2025-06-02 18:24:00,0.6943000592260712,optimized
105-2,2025-06-02 18:36:00,0.6943000592260712,optimized
105-2,2025-06-02 18:48:00,0.6943000592260712,optimized
105-2,2025-06-02 19:00:00,0.6943000592260712,optimized
105-2,2025-06-02 19:12:00,0.6943000592260712,optimized
105-2,2025-06-02 19:24:00,0.6943000592260712,optimized
105-2,2025-06-02 19:36:00,0.6943000592260712,optimized
105-2,2025-06-02 19:48:00,0.6943000592260712,optimized
105-2,2025-06-02 19:54:00,0.6943000592260712,optimized
105-2,2025-06-02 20:19:00,0.6943000592260712,optimized
105-2,2025-06-02 20:36:00,0.6943000592260712,optimized
105-2,2025-06-02 20:55:00,0.6943000592260712,optimized
105-2,2025-06-02 21:14:00,0.6943000592260712,optimized
105-2,2025-06-02 21:33:00,0.6943000592260712,optimized
105-2,2025-06-02 21:51:00,0.6943000592260712,optimized
105-2,2025-06-02 22:09:00,0.6943000592260712,optimized
105-2,2025-06-02 22:29:00,0.6943000592260712,optimized
105-2,2025-06-02 22:47:00,0.6943000592260712,optimized
105-2,2025-06-02 23:08:00,0.6943000592260712,optimized
105-2,2025-06-02 23:29:00,0.6943000592260712,optimized
105-2,2025-06-02 23:49:00,0.6943000592260712,optimized
